id;Nom;Prénom;Email;Numéro Téléphone;Numéro  Compteur;;
1;Adou;Brooksbank;cbrooksbank0@mapy.cz;49415167;19208991;;
2;Bleu;Broxton;mbroxton1@istockphoto.com;49251082;19486108;;
3;Camara;Stellino;tstellino2@sciencedaily.com;49841430;19844640;;
4;Dadié;Ebbage;debbage3@digg.com;49261811;19704665;;
5;Egnakou;De Caroli;hdecaroli4@amazon.co.jp;49994696;19785221;;
6;Fanny;Siemons;rsiemons5@edublogs.org;49275270;19283474;;
7;Gael;Cronk;scronk6@exblog.jp;49341956;19379519;;
8;Hobéika;Queyos;xqueyos7@mtv.com;49795141;19775498;;
9;Irié;Glasson;mglasson8@netscape.com;49390028;19924124;;
10;Jaquet;Trembley;ltrembley9@accuweather.com;49917237;19375990;;
11;Kouakou;Markham;tmarkhama@home.pl;49531049;19549816;;
12;Logbo;Saffin;fsaffinb@nytimes.com;49476102;19431593;;
13;Mambo;Sor;dsorc@bandcamp.com;49554024;19549523;;
14;Niango;Gyde;rgyded@washingtonpost.com;49359437;19669932;;
15;Ouattara;Chellenham;hchellenhame@sfgate.com;49444720;19710083;;
16;Peltier;Vergo;pvergof@deliciousdays.com;49563773;19992202;;
17;Querol;Gabites;agabitesg@businesswire.com;49936210;19487032;;
18;Rouamba;Bielfeldt;jbielfeldth@deviantart.com;49254443;19827053;;
19;Sanogo;Deane;ddeanei@woothemes.com;49872885;19481434;;
20;Tapé;Corbally;hcorballyj@go.com;49238017;19820268;;
21;Uzan;Fréderic;aufred@google.es;49366430;19743583;;
22;Vanié;Beranek;zberanekl@whitehouse.gov;49475569;19464522;;
23;Wodié;Rooms;broomsm@sphinn.com;49649858;19488313;;
24;Xiong;Birchill;tbirchilln@tinyurl.com;49821440;19881643;;
25;Yao;Alain;alainyao@sfr.com;49415482;19430108;;
26;Zago;Tivers;gtiverso@artisteer.com;49460080;19309591;;
